{
    "loss": 6.218296051025391,
    "accuracy": 0.7598253488540649
}