{
    "loss": 5.915586948394775,
    "accuracy": 0.72052401304245
}